model,RMSE,CRPS
AR(10),34.29886191311921,24.03780472372805
MA(6),51.669820951999405,31.57454758829701
"ARIMA(3,1,3)",40.391756651454415,27.746801263362148
"SARIMA(1,0,1)(1,1,0)",46.330645771124104,28.381194047246392
Prophet additive,49.493590303601366,32.30649934093099
Prophet multiplicative,48.88428236382017,32.61503967349387
Prophet multiplicative + holidays,48.81083647822298,32.579129456455696
