model,RMSE,CRPS
MEAN,90.34313919660796,80.1427900705659
Seasonal mean,79.19116977369207,NA
Seasonal mean weighted,64.20362060640934,NA
Seasonal mean exponentially weighted,71.21605865676662,NA
NAIVE,36.639822149472,24.14813947554357
SNAIVE,96.97343014375718,NA
Drift,36.69641932971606,24.18302861153806
